t_s,actual_speed_kn,gnc_setpoint_kn,planner_speed_kn
0.0,15.550755939524837,0.0,15.550755939524837
0.5,15.33804600823953,0.0,15.550755939524837
1.0,15.136620130439374,0.0,15.550755939524837
1.5,14.939010784992352,0.0,15.550755939524837
2.0,14.745115538787385,0.0,15.550755939524837
2.5,14.554835582855718,0.0,15.550755939524837
3.0,14.368075573430401,11.663066954643629,15.550755939524837
3.5,14.18474348129819,11.663066954643629,15.550755939524837
4.0,14.004750448943467,11.663066954643629,15.550755939524837
4.5,13.82801065501796,11.663066954643629,15.550755939524837
5.0,13.654441185701707,11.857451403887689,15.550755939524837
5.5,13.484181917795535,12.051835853131747,15.550755939524837
6.0,13.32832893303317,12.246220302375807,15.550755939524837
6.5,13.218461921260621,12.440604751619869,15.550755939524837
7.0,13.128319140306601,12.634989200863927,15.550755939524837
7.5,13.058004335060682,12.829373650107987,15.550755939524837
8.0,13.031850037552624,13.023758099352047,15.550755939524837
8.5,13.008965412429264,13.218142548596106,15.550755939524837
9.0,12.990880848187201,13.412526997840168,15.550755939524837
9.5,13.012934683978461,13.606911447084226,15.550755939524837
10.0,13.051200237642325,13.801295896328286,15.550755939524837
10.5,13.10417824003281,13.995680345572346,15.550755939524837
11.0,13.170508867856745,14.190064794816404,15.550755939524837
11.5,13.248958489589274,14.384449244060466,15.550755939524837
12.0,13.33840773311933,14.578833693304526,15.550755939524837
12.5,13.437840731743751,14.773218142548584,15.550755939524837
13.0,13.546335422041397,14.967602591792645,15.550755939524837
13.5,13.663054783859995,15.161987041036705,15.550755939524837
14.0,13.787238923906438,15.356371490280765,15.550755939524837
14.5,13.918197916823415,15.550755939524825,15.550755939524837
15.0,14.054534327139056,15.550755939524837,15.550755939524837
15.5,14.178012361811996,15.550755939524837,15.550755939524837
16.0,14.289836438180567,15.550755939524837,15.550755939524837
16.5,14.391099657854507,15.550755939524837,15.550755939524837
17.0,14.482793823238584,15.550755939524837,15.550755939524837
17.5,14.565818602357798,15.550755939524837,15.550755939524837
18.0,14.640989905021554,15.550755939524837,15.550755939524837
18.5,14.709047530892361,15.550755939524837,15.550755939524837
19.0,14.770662146348108,15.550755939524837,15.550755939524837
19.5,14.826441644231195,15.550755939524837,15.550755939524837
20.0,14.876936936859245,15.550755939524837,15.550755939524837
20.5,14.922647229380757,15.550755939524837,15.550755939524837
21.0,14.964024817439427,15.550755939524837,15.550755939524837
21.5,15.001479449729821,15.550755939524837,15.550755939524837
22.0,15.035382293119751,15.550755939524837,15.550755939524837
22.5,15.06606953497862,15.550755939524837,15.550755939524837
23.0,15.093845654705548,15.550755939524837,15.550755939524837
23.5,15.118986393838732,15.550755939524837,15.550755939524837
24.0,15.141741451641812,15.550755939524837,15.550755939524837
24.5,15.162336930905871,15.550755939524837,15.550755939524837
25.0,15.16017722523074,15.550755939524837,15.550755939524837
25.5,15.165075324653586,6.220302375809935,15.550755939524837
26.0,15.169276466239431,6.220302375809935,15.550755939524837
26.5,15.150911985461407,6.220302375809935,15.550755939524837
27.0,15.111829417723248,6.220302375809935,15.550755939524837
27.5,15.05239892028388,6.220302375809935,15.550755939524837
28.0,14.96976634250534,6.220302375809935,15.550755939524837
28.5,14.859914019037745,6.220302375809935,15.550755939524837
29.0,14.71133100414575,6.220302375809935,15.550755939524837
29.5,14.521679619561768,6.220302375809935,15.550755939524837
30.0,14.335529391077253,6.220302375809935,15.550755939524837
30.5,14.152790962277054,6.220302375809935,15.550755939524837
31.0,13.975126379957251,13.980489835446102,15.550755939524837
31.5,13.949173026785694,6.220302375809935,15.550755939524837
32.0,13.918583163271773,6.220302375809935,15.550755939524837
32.5,13.875883628550076,6.220302375809935,15.550755939524837
33.0,13.821531825805119,6.220302375809935,15.550755939524837
33.5,13.755971618687429,6.220302375809935,15.550755939524837
34.0,13.679407516035695,6.220302375809935,15.550755939524837
34.5,13.591674305195305,6.220302375809935,15.550755939524837
35.0,13.492734883850986,6.220302375809935,15.550755939524837
35.5,13.38283261327355,6.220302375809935,15.550755939524837
36.0,13.262355069112887,6.220302375809935,15.550755939524837
36.5,13.131645212705195,6.220302375809935,15.550755939524837
37.0,12.989544508819415,6.220302375809935,15.550755939524837
37.5,12.835610390946913,6.220302375809935,15.550755939524837
38.0,12.679386650394461,6.220302375809935,15.550755939524837
38.5,12.525826616378193,6.220302375809935,15.550755939524837
39.0,12.374866776587885,6.220302375809935,15.550755939524837
39.5,12.226445564846799,6.220302375809935,15.550755939524837
40.0,12.08050329147895,6.220302375809935,15.550755939524837
40.5,11.936982073710775,6.220302375809935,15.550755939524837
41.0,11.79582576998814,6.220302375809935,15.550755939524837
41.5,11.656979917436841,6.220302375809935,15.550755939524837
42.0,11.520391671518249,6.220302375809935,15.550755939524837
42.5,11.38600974713039,6.220302375809935,15.550755939524837
43.0,11.253784360620077,6.220302375809935,15.550755939524837
43.5,11.123667172358003,6.220302375809935,15.550755939524837
44.0,10.99561122952761,6.220302375809935,15.550755939524837
44.5,10.871329069743489,10.874574381528829,15.550755939524837
45.0,10.85223576493,6.220302375809935,15.550755939524837
45.5,10.803444673850876,6.220302375809935,15.550755939524837
46.0,10.710942728283742,6.220302375809935,15.550755939524837
46.5,10.590108628570233,6.220302375809935,15.550755939524837
47.0,10.47038099345571,6.220302375809935,15.550755939524837
47.5,10.35249232421778,6.220302375809935,15.550755939524837
48.0,10.236402694035808,6.220302375809935,15.550755939524837
48.5,10.122073199205676,6.220302375809935,15.550755939524837
49.0,10.009465924594668,6.220302375809935,15.550755939524837
49.5,9.898543925854183,6.220302375809935,15.550755939524837
50.0,9.78927121306732,6.220302375809935,15.550755939524837
50.5,9.681612734601272,6.220302375809935,15.550755939524837
51.0,9.575534361118844,6.220302375809935,15.550755939524837
51.5,9.471002869784467,6.220302375809935,15.550755939524837
52.0,9.36798592870527,6.220302375809935,15.550755939524837
52.5,9.266452081633402,6.220302375809935,15.550755939524837
53.0,9.168152591708612,9.170346459051567,15.550755939524837
53.5,9.15598899699664,6.220302375809935,15.550755939524837
54.0,9.103175868300756,6.220302375809935,15.550755939524837
54.5,9.007244466571342,6.220302375809935,15.550755939524837
55.0,8.91080700620188,6.220302375809935,15.550755939524837
55.5,8.815730798423553,6.220302375809935,15.550755939524837
56.0,8.7219907094714,6.220302375809935,15.550755939524837
56.5,8.629562128128933,6.220302375809935,15.550755939524837
57.0,8.538420916531038,6.220302375809935,15.550755939524837
57.5,8.44854339248413,6.220302375809935,15.550755939524837
58.0,8.359906319980414,6.220302375809935,15.550755939524837
58.5,8.272486904206326,6.220302375809935,15.550755939524837
59.0,8.186262789335435,6.220302375809935,15.550755939524837
59.5,8.101212328063905,6.220302375809935,15.550755939524837
60.0,8.017319539932306,6.220302375809935,15.04911865115307
60.5,7.93635743397114,7.937845053871173,15.04911865115307
61.0,7.931916348007127,6.220302375809935,15.04911865115307
61.5,7.8948807167085215,6.220302375809935,15.04911865115307
62.0,7.822193866014785,6.220302375809935,15.04911865115307
62.5,7.742007921777519,6.220302375809935,15.04911865115307
63.0,7.66286652872438,6.220302375809935,15.04911865115307
63.5,7.584749845329722,6.220302375809935,15.04911865115307
64.0,7.50944365561033,7.510703604651018,15.04911865115307
64.5,7.50715161686879,6.220302375809935,15.04911865115307
65.0,7.470141955959912,6.220302375809935,15.04911865115307
65.5,7.402376414457685,6.220302375809935,15.04911865115307
66.0,7.328256147144811,6.220302375809935,15.04911865115307
66.5,7.254403591034418,6.220302375809935,15.04911865115307
67.0,7.181515802628184,6.220302375809935,15.04911865115307
67.5,7.109575487698561,6.220302375809935,15.04911865115307
68.0,7.03856568757732,6.220302375809935,15.04911865115307
68.5,6.968469681439776,6.220302375809935,15.04911865115307
69.0,6.899271182824982,6.220302375809935,15.04911865115307
69.5,6.8309808269010786,6.220302375809935,15.04911865115307
70.0,6.766860282377255,6.220302375809935,15.04911865115307
70.5,6.708409639948269,6.220302375809935,15.04911865115307
71.0,6.655060977526227,6.220302375809935,15.04911865115307
71.5,6.60792991188129,6.220302375809935,15.04911865115307
72.0,6.608646169692963,6.220302375809935,15.04911865115307
72.5,6.609374261279428,6.220302375809935,15.04911865115307
73.0,6.609131445272437,6.220302375809935,15.04911865115307
73.5,6.60604498298747,6.220302375809935,15.04911865115307
74.0,6.606811375742105,6.220302375809935,15.04911865115307
74.5,6.607568627356728,6.220302375809935,15.04911865115307
75.0,6.6083152395637255,6.220302375809935,15.04911865115307
75.5,6.609047943980685,6.220302375809935,15.04911865115307
76.0,6.609769426655479,6.220302375809935,15.04911865115307
76.5,6.605693125898266,6.220302375809935,15.04911865115307
77.0,6.606457725055819,6.220302375809935,15.550755939524837
77.5,6.607324254447826,6.607179610350177,15.550755939524837
78.0,6.609848326701826,6.220302375809935,15.550755939524837
78.5,6.606760165688155,6.220302375809935,15.550755939524837
79.0,6.607506955858864,6.220302375809935,15.550755939524837
79.5,6.6082180193954265,6.220302375809935,15.550755939524837
80.0,6.6088906736422155,6.220302375809935,15.550755939524837
80.5,6.609540751101856,6.220302375809935,15.550755939524837
81.0,6.610140200838013,6.610150196385309,15.550755939524837
81.5,6.608223544888842,6.220302375809935,15.550755939524837
82.0,6.60215145281043,6.220302375809935,15.550755939524837
82.5,6.592618856210131,6.220302375809935,15.550755939524837
83.0,6.581725940674998,6.220302375809935,15.550755939524837
83.5,6.5705462527970395,6.220302375809935,15.550755939524837
84.0,6.559242000694911,6.220302375809935,15.550755939524837
84.5,6.558562557657891,6.220302375809935,15.550755939524837
85.0,6.559967627670638,6.220302375809935,15.550755939524837
85.5,6.561351882971522,6.220302375809935,15.550755939524837
86.0,6.562658433832084,6.220302375809935,15.550755939524837
86.5,6.563848221361996,6.220302375809935,15.550755939524837
87.0,6.564892963314398,6.220302375809935,15.550755939524837
87.5,6.565814297480545,6.220302375809935,15.550755939524837
88.0,6.566614437991159,6.220302375809935,15.550755939524837
88.5,6.5673051455400655,6.220302375809935,15.550755939524837
89.0,6.5679000751535055,6.220302375809935,15.550755939524837
89.5,6.5684090779809425,6.220302375809935,15.550755939524837
90.0,6.568847580189885,6.220302375809935,15.550755939524837
90.5,6.5691821191944175,6.569211939565074,15.550755939524837
91.0,6.566605556908304,6.220302375809935,15.550755939524837
91.5,6.566539334317233,6.220302375809935,15.550755939524837
92.0,6.566683964273423,6.220302375809935,15.550755939524837
92.5,6.566988287182376,6.220302375809935,15.550755939524837
93.0,6.567413716440178,6.220302375809935,15.550755939524837
93.5,6.567937792980023,6.220302375809935,15.550755939524837
94.0,6.568540340837518,6.220302375809935,15.550755939524837
94.5,6.569198516746152,6.220302375809935,15.550755939524837
95.0,6.569900519748907,6.220302375809935,15.550755939524837
95.5,6.570641330473793,6.220302375809935,15.550755939524837
96.0,6.571399594605511,6.220302375809935,15.550755939524837
96.5,6.572172359410871,6.220302375809935,15.550755939524837
97.0,6.572962299807481,6.220302375809935,15.550755939524837
97.5,6.573750756702627,6.220302375809935,15.550755939524837
98.0,6.574530923667183,6.220302375809935,15.550755939524837
98.5,6.575288291697702,6.220302375809935,15.550755939524837
99.0,6.576021490340199,6.220302375809935,15.550755939524837
99.5,6.576728081965488,6.220302375809935,15.550755939524837
100.0,6.577404046539699,6.220302375809935,15.550755939524837
100.5,6.578047322666928,6.220302375809935,15.550755939524837
101.0,6.578654303666733,6.220302375809935,15.550755939524837
101.5,6.579194306325746,6.220302375809935,15.550755939524837
102.0,6.579621958612647,6.220302375809935,15.550755939524837
102.5,6.579984575367423,6.220302375809935,15.550755939524837
103.0,6.5802993877120315,6.220302375809935,15.550755939524837
103.5,6.580571225196888,6.220302375809935,15.550755939524837
104.0,6.580815045447945,6.220302375809935,15.550755939524837
104.5,6.5810298405942325,6.220302375809935,15.550755939524837
105.0,6.581230542885582,6.220302375809935,15.550755939524837
105.5,6.5814229005087554,6.220302375809935,15.550755939524837
106.0,6.581619962371734,6.220302375809935,15.550755939524837
106.5,6.581816465763013,6.220302375809935,15.550755939524837
107.0,6.582019992064113,6.220302375809935,15.550755939524837
107.5,6.582236415658427,6.220302375809935,15.550755939524837
108.0,6.582466852945425,6.220302375809935,15.550755939524837
108.5,6.582716041372959,6.220302375809935,15.550755939524837
109.0,6.582987432704347,6.220302375809935,15.550755939524837
109.5,6.583281325054273,6.220302375809935,15.550755939524837
110.0,6.583598410475719,6.220302375809935,15.550755939524837
110.5,6.583942447483765,6.220302375809935,15.550755939524837
111.0,6.5843132950111025,6.220302375809935,15.550755939524837
111.5,6.5847092178738755,6.220302375809935,15.550755939524837
112.0,6.585130635113005,6.220302375809935,15.550755939524837
112.5,6.585579156673643,6.220302375809935,15.550755939524837
113.0,6.586052994766708,6.220302375809935,15.04911865115307
113.5,6.586515596539988,6.58653500673496,15.04911865115307
114.0,6.584170991881702,6.220302375809935,15.04911865115307
114.5,6.582448714781991,6.220302375809935,15.04911865115307
115.0,6.582831682424783,6.220302375809935,15.04911865115307
115.5,6.583409842567015,6.220302375809935,15.04911865115307
116.0,6.584132899517988,6.220302375809935,15.04911865115307
116.5,6.584960206201338,6.220302375809935,15.04911865115307
117.0,6.585821855031337,6.58582369323563,15.04911865115307
117.5,6.585471697501884,6.220302375809935,15.04911865115307
118.0,6.586327863980995,6.220302375809935,15.04911865115307
118.5,6.587319146691304,6.220302375809935,15.04911865115307
119.0,6.588368536047155,6.220302375809935,14.967602591792657
119.5,6.589440127467389,6.220302375809935,14.967602591792657
120.0,6.590516083293598,6.220302375809935,14.967602591792657
120.5,6.591688883524716,6.591537786755052,14.967602591792657
121.0,6.595315298735721,6.220302375809935,14.967602591792657
121.5,6.596281698943851,6.220302375809935,14.967602591792657
122.0,6.5972450519742365,6.220302375809935,14.967602591792657
122.5,6.598203608506155,6.220302375809935,14.967602591792657
123.0,6.599154577692424,6.220302375809935,14.967602591792657
123.5,6.600097297859074,6.220302375809935,14.967602591792657
124.0,6.6009971436451105,6.600993528391678,14.967602591792657
124.5,6.599510084431215,6.220302375809935,14.967602591792657
125.0,6.594098906460276,6.220302375809935,14.967602591792657
125.5,6.58546285506588,6.220302375809935,14.967602591792657
126.0,6.575340684975139,6.220302375809935,15.550755939524837
126.5,6.564632603123768,6.220302375809935,15.550755939524837
127.0,6.553557827334201,6.220302375809935,15.550755939524837
127.5,6.542662824592965,6.542517563881406,15.550755939524837
128.0,6.546269640502436,6.220302375809935,15.550755939524837
128.5,6.547587659629574,6.220302375809935,15.550755939524837
129.0,6.5487326018673055,6.220302375809935,15.550755939524837
129.5,6.549659339474644,6.220302375809935,15.550755939524837
130.0,6.550370151577618,6.220302375809935,15.550755939524837
130.5,6.55090072653517,6.220302375809935,15.550755939524837
131.0,6.551269928353369,6.220302375809935,15.550755939524837
131.5,6.551503086765778,6.220302375809935,15.550755939524837
132.0,6.551627257041699,6.220302375809935,15.550755939524837
132.5,6.5516595269298135,6.220302375809935,15.550755939524837
133.0,6.551620787013366,6.220302375809935,15.550755939524837
133.5,6.551537647363587,6.220302375809935,15.550755939524837
134.0,6.551377905371449,6.551431038953369,15.550755939524837
134.5,6.548112858719348,6.220302375809935,15.550755939524837
135.0,6.5478636587199635,6.220302375809935,15.550755939524837
135.5,6.548070749692788,6.220302375809935,15.550755939524837
136.0,6.548404034720067,6.220302375809935,15.550755939524837
136.5,6.548820116033119,6.220302375809935,15.550755939524837
137.0,6.549280009616619,6.220302375809935,15.550755939524837
137.5,6.5497362397945595,6.220302375809935,15.550755939524837
138.0,6.550151476733389,6.220302375809935,15.550755939524837
138.5,6.5504570219265705,6.220302375809935,15.550755939524837
139.0,6.550572785887595,6.220302375809935,15.550755939524837
139.5,6.550497744798865,6.220302375809935,15.550755939524837
140.0,6.55028650837774,6.220302375809935,15.550755939524837
140.5,6.549969238723054,6.220302375809935,15.550755939524837
141.0,6.549565769959074,6.220302375809935,15.550755939524837
141.5,6.549090245950733,6.220302375809935,15.550755939524837
142.0,6.548571023851498,6.220302375809935,15.550755939524837
142.5,6.548009333904213,6.220302375809935,15.550755939524837
143.0,6.547429372331661,6.220302375809935,15.550755939524837
143.5,6.546838657771325,6.220302375809935,15.550755939524837
144.0,6.546228282822533,6.220302375809935,15.550755939524837
144.5,6.545647331171435,6.220302375809935,15.550755939524837
145.0,6.545085542454498,6.220302375809935,15.550755939524837
145.5,6.544546288442408,6.220302375809935,15.550755939524837
146.0,6.544036177656738,6.220302375809935,15.550755939524837
146.5,6.543564433912942,6.220302375809935,15.550755939524837
147.0,6.5431158745793585,6.220302375809935,15.550755939524837
147.5,6.542715029644483,6.220302375809935,15.550755939524837
148.0,6.542371619166412,6.220302375809935,15.550755939524837
148.5,6.542080285604629,6.220302375809935,15.550755939524837
149.0,6.541848896335382,6.220302375809935,15.550755939524837
149.5,6.541678646527477,6.220302375809935,15.550755939524837
150.0,6.541567028876745,6.220302375809935,15.550755939524837
150.5,6.5415194188556995,6.220302375809935,15.550755939524837
151.0,6.541534402411034,6.220302375809935,15.550755939524837
151.5,6.541613105738133,6.220302375809935,15.550755939524837
152.0,6.54175552065352,6.220302375809935,15.550755939524837
152.5,6.541971017565434,6.220302375809935,15.550755939524837
153.0,6.5422431522401165,6.220302375809935,15.550755939524837
153.5,6.5425729427580475,6.220302375809935,15.550755939524837
154.0,6.542963510588654,6.220302375809935,15.550755939524837
154.5,6.543408024295314,6.220302375809935,15.550755939524837
155.0,6.5439009461234665,6.220302375809935,15.550755939524837
155.5,6.544451067494861,6.220302375809935,15.550755939524837
156.0,6.545059766585471,6.220302375809935,15.04911865115307
156.5,6.545684332897258,6.545702294494328,15.04911865115307
157.0,6.543157204200097,6.220302375809935,15.04911865115307
157.5,6.536359858508909,6.220302375809935,15.04911865115307
158.0,6.527269637427771,6.220302375809935,15.04911865115307
158.5,6.526489154795466,6.220302375809935,15.04911865115307
159.0,6.52769409069432,6.220302375809935,15.04911865115307
159.5,6.529098973156958,6.220302375809935,15.04911865115307
160.0,6.530590829658341,6.530575800625,15.04911865115307
160.5,6.529064534928149,6.220302375809935,15.04911865115307
161.0,6.530628613406565,6.220302375809935,14.422072040688358
161.5,6.5325115925184765,6.53234811319221,14.422072040688358
162.0,6.5364886589801365,6.220302375809935,14.422072040688358
162.5,6.538239639447324,6.220302375809935,14.422072040688358
163.0,6.539965965609893,6.220302375809935,14.422072040688358
163.5,6.5416677190315005,6.220302375809935,14.422072040688358
164.0,6.543344499193965,6.220302375809935,14.422072040688358
164.5,6.5449935955197756,6.220302375809935,14.422072040688358
165.0,6.546713916709887,6.5465527969833355,14.967602591792657
165.5,6.5507034734611915,6.5505439110907355,14.967602591792657
166.0,6.5545671433954675,6.220302375809935,14.967602591792657
166.5,6.556009536385381,6.220302375809935,14.967602591792657
167.0,6.55742854360145,6.220302375809935,14.967602591792657
167.5,6.5588301668848565,6.220302375809935,14.967602591792657
168.0,6.56021660400925,6.220302375809935,14.967602591792657
168.5,6.561586217418376,6.220302375809935,14.967602591792657
169.0,6.562901398154993,6.5628859966602064,14.967602591792657
169.5,6.561540862496294,6.220302375809935,14.967602591792657
170.0,6.556107684683461,6.220302375809935,15.550755939524837
170.5,6.5479738282728475,6.220302375809935,15.550755939524837
171.0,6.547531577374966,6.220302375809935,15.550755939524837
171.5,6.542657324708082,6.220302375809935,15.550755939524837
172.0,6.534748551535824,6.220302375809935,15.550755939524837
172.5,6.525203884026604,6.525080401068186,15.550755939524837
173.0,6.527556263881733,6.220302375809935,15.550755939524837
173.5,6.528696107721398,6.220302375809935,15.550755939524837
174.0,6.530169369203586,6.220302375809935,15.550755939524837
174.5,6.531473699235651,6.220302375809935,15.550755939524837
175.0,6.532554835746775,6.220302375809935,15.550755939524837
175.5,6.533382833273288,6.220302375809935,15.550755939524837
176.0,6.533943580171328,6.220302375809935,15.550755939524837
176.5,6.534305847900751,6.220302375809935,15.550755939524837
177.0,6.534499573546278,6.220302375809935,15.550755939524837
177.5,6.534547857642805,6.220302375809935,15.550755939524837
178.0,6.5344869882806105,6.220302375809935,15.550755939524837
178.5,6.5343454472952045,6.220302375809935,15.550755939524837
179.0,6.534091080224368,6.534150751648981,15.550755939524837
179.5,6.530535672684843,6.220302375809935,15.550755939524837
180.0,6.530188041822764,6.220302375809935,15.550755939524837
180.5,6.530584953371873,6.220302375809935,15.550755939524837
181.0,6.531186206094102,6.220302375809935,15.550755939524837
181.5,6.531730582679731,6.220302375809935,15.550755939524837
182.0,6.5321417471517496,6.220302375809935,15.550755939524837
182.5,6.532283503899217,6.220302375809935,15.550755939524837
183.0,6.5321685429105605,6.220302375809935,15.550755939524837
183.5,6.531742471916384,6.220302375809935,15.550755939524837
184.0,6.5310922225203925,6.220302375809935,15.550755939524837
184.5,6.530268930323712,6.220302375809935,15.550755939524837
185.0,6.529305589009982,6.220302375809935,15.550755939524837
185.5,6.52823441415484,6.220302375809935,15.550755939524837
186.0,6.527062930561946,6.220302375809935,15.550755939524837
186.5,6.525820623108165,6.220302375809935,15.550755939524837
187.0,6.524526875465421,6.220302375809935,15.550755939524837
187.5,6.5231855624368995,6.220302375809935,15.550755939524837
188.0,6.521834399234905,6.220302375809935,15.550755939524837
188.5,6.520474384527429,6.220302375809935,15.550755939524837
189.0,6.519128784725397,6.220302375809935,15.550755939524837
189.5,6.5178289004522,6.220302375809935,15.550755939524837
190.0,6.516541535715502,6.220302375809935,15.550755939524837
190.5,6.515310609766029,6.220302375809935,15.550755939524837
191.0,6.514122701692426,6.220302375809935,15.550755939524837
191.5,6.512989953285334,6.220302375809935,15.550755939524837
192.0,6.511930883883071,6.220302375809935,15.550755939524837
192.5,6.510946070434321,6.220302375809935,15.550755939524837
193.0,6.510036171280096,6.220302375809935,15.550755939524837
193.5,6.509186578320801,6.220302375809935,15.550755939524837
194.0,6.508427428491303,6.220302375809935,15.550755939524837
194.5,6.5077594649635415,6.220302375809935,15.550755939524837
195.0,6.507189291589301,6.220302375809935,15.550755939524837
195.5,6.506717494711999,6.220302375809935,15.550755939524837
196.0,6.506338877502764,6.220302375809935,15.550755939524837
196.5,6.506058281557548,6.220302375809935,15.550755939524837
197.0,6.505877856348618,6.220302375809935,15.550755939524837
197.5,6.505790203479876,6.220302375809935,15.550755939524837
198.0,6.5057990250391065,6.220302375809935,15.550755939524837
198.5,6.50590679657945,6.220302375809935,15.550755939524837
199.0,6.506110788268534,6.220302375809935,15.550755939524837
199.5,6.506398790442983,6.220302375809935,15.550755939524837
200.0,6.506779161072367,6.220302375809935,15.550755939524837
200.5,6.507250844004888,6.220302375809935,15.550755939524837
201.0,6.507818178716282,6.220302375809935,15.550755939524837
201.5,6.508464068031491,6.220302375809935,15.550755939524837
202.0,6.509185077515726,6.220302375809935,15.550755939524837
202.5,6.509987007301238,6.220302375809935,15.550755939524837
203.0,6.510870080565658,6.220302375809935,15.550755939524837
203.5,6.511823255188735,6.220302375809935,15.550755939524837
204.0,6.512849511862514,6.220302375809935,15.04911865115307
204.5,6.513893313921396,6.5138984005147496,15.04911865115307
205.0,6.511522596753614,6.220302375809935,15.04911865115307
205.5,6.504499114559946,6.220302375809935,15.04911865115307
206.0,6.49526544633024,6.220302375809935,15.04911865115307
206.5,6.48801258232931,6.220302375809935,15.04911865115307
207.0,6.489736688483597,6.220302375809935,15.04911865115307
207.5,6.4916922627175815,6.220302375809935,15.04911865115307
208.0,6.493740427663429,6.493704283898805,14.422072040688358
208.5,6.492776694067007,6.492620240680826,14.422072040688358
209.0,6.496792704325357,6.220302375809935,14.422072040688358
209.5,6.499047989070261,6.220302375809935,14.422072040688358
210.0,6.501268973123767,6.220302375809935,14.422072040688358
210.5,6.503445962389644,6.220302375809935,14.422072040688358
211.0,6.505578306932977,6.220302375809935,14.422072040688358
211.5,6.5076637335129535,6.220302375809935,14.422072040688358
212.0,6.509787820968232,6.509620763175826,14.422072040688358
212.5,6.5138678534223,6.220302375809935,14.422072040688358
213.0,6.515859287796543,6.220302375809935,14.422072040688358
213.5,6.517869243887765,6.517707785691955,14.422072040688358
214.0,6.521660168529097,6.220302375809935,14.967602591792657
214.5,6.523278117221361,6.523126355491892,14.967602591792657
215.0,6.526956191025197,6.220302375809935,14.967602591792657
215.5,6.528441945769195,6.220302375809935,14.967602591792657
216.0,6.529918026981892,6.220302375809935,14.967602591792657
216.5,6.5313915104308995,6.220302375809935,14.967602591792657
217.0,6.532857994430716,6.220302375809935,14.967602591792657
217.5,6.534319158840646,6.220302375809935,14.967602591792657
218.0,6.535731470161928,6.535713484281555,15.550755939524837
218.5,6.534610716321574,6.220302375809935,15.550755939524837
219.0,6.536130863977435,6.220302375809935,15.550755939524837
219.5,6.537467443848407,6.220302375809935,15.550755939524837
220.0,6.538804963778067,6.220302375809935,15.550755939524837
220.5,6.540151976920237,6.220302375809935,15.550755939524837
221.0,6.541510821418404,6.220302375809935,15.550755939524837
221.5,6.542838151725669,6.542819918906305,15.550755939524837
222.0,6.5416436018693895,6.220302375809935,15.550755939524837
222.5,6.536574044024672,6.220302375809935,15.550755939524837
223.0,6.528441527284797,6.220302375809935,15.550755939524837
223.5,6.518774272068025,6.220302375809935,15.550755939524837
224.0,6.511312401184008,6.220302375809935,15.550755939524837
224.5,6.512946558690879,6.220302375809935,15.550755939524837
225.0,6.514372145611535,6.220302375809935,15.550755939524837
225.5,6.515556114601215,6.220302375809935,15.550755939524837
226.0,6.516476249525196,6.220302375809935,15.550755939524837
226.5,6.517138120213881,6.220302375809935,15.550755939524837
227.0,6.517687882508684,6.517591519966685,15.550755939524837
227.5,6.519619425244388,6.220302375809935,15.550755939524837
228.0,6.519217595455772,5.831533477321814,15.550755939524837
228.5,6.488243382215734,5.831533477321814,15.550755939524837
229.0,6.43534036966406,5.831533477321814,15.550755939524837
229.5,6.37699396176242,5.831533477321814,15.550755939524837
230.0,6.3192675377026,5.831533477321814,15.550755939524837
230.5,6.266401672696594,5.831533477321814,15.550755939524837
231.0,6.238580797487006,5.831533477321814,15.550755939524837
231.5,6.23884289454547,5.831533477321814,15.550755939524837
232.0,6.238330644418121,5.831533477321814,15.550755939524837
232.5,6.2373845928011304,5.831533477321814,15.550755939524837
233.0,6.236159227647372,5.831533477321814,15.550755939524837
233.5,6.234682391977507,5.831533477321814,15.550755939524837
234.0,6.233116639549065,6.220302375809935,15.550755939524837
234.5,6.234050576236611,6.220302375809935,15.550755939524837
235.0,6.234809955403544,6.220302375809935,15.550755939524837
235.5,6.235457483202983,6.220302375809935,15.550755939524837
236.0,6.236007571766114,6.220302375809935,15.550755939524837
236.5,6.2364855702049065,6.220302375809935,15.550755939524837
237.0,6.236915201079749,6.220302375809935,15.550755939524837
237.5,6.237408384594446,6.220302375809935,15.550755939524837
238.0,6.237881243147122,6.220302375809935,15.550755939524837
238.5,6.238393480232795,6.220302375809935,15.550755939524837
239.0,6.239005167732628,6.220302375809935,15.550755939524837
239.5,6.239640837950537,6.220302375809935,15.550755939524837
240.0,6.240380231773321,6.220302375809935,15.550755939524837
240.5,6.241187716209409,6.220302375809935,15.550755939524837
241.0,6.242035516365542,6.220302375809935,15.550755939524837
241.5,6.243048156168614,6.220302375809935,15.550755939524837
242.0,6.244166087620829,6.220302375809935,15.550755939524837
242.5,6.245401770038715,6.220302375809935,15.550755939524837
243.0,6.246758288142791,6.220302375809935,15.550755939524837
243.5,6.248225101871218,6.220302375809935,15.550755939524837
244.0,6.249793012219249,6.220302375809935,15.550755939524837
244.5,6.251428545709949,6.220302375809935,15.550755939524837
245.0,6.253205133049285,6.220302375809935,15.550755939524837
245.5,6.255106017615935,6.220302375809935,15.550755939524837
246.0,6.25713867870733,6.220302375809935,15.550755939524837
246.5,6.259293821665571,6.220302375809935,15.550755939524837
247.0,6.261548789721685,6.220302375809935,15.550755939524837
247.5,6.263916416613318,6.220302375809935,15.550755939524837
248.0,6.266396808235819,6.220302375809935,15.550755939524837
248.5,6.268981498893067,6.220302375809935,15.550755939524837
249.0,6.2716601015451925,6.220302375809935,15.550755939524837
249.5,6.274440342307059,6.220302375809935,15.550755939524837
250.0,6.277293719055803,6.220302375809935,15.550755939524837
250.5,6.280235709044534,6.220302375809935,15.550755939524837
251.0,6.283283209726859,6.220302375809935,15.550755939524837
251.5,6.286368640265156,6.220302375809935,15.550755939524837
252.0,6.289549703628868,6.220302375809935,15.550755939524837
252.5,6.292791298521717,6.220302375809935,15.550755939524837
253.0,6.296086015320806,6.220302375809935,15.550755939524837
253.5,6.29942354871844,6.220302375809935,15.550755939524837
254.0,6.3028274663303225,6.220302375809935,15.550755939524837
254.5,6.306289668444098,6.220302375809935,15.550755939524837
255.0,6.309821827993103,6.220302375809935,15.04911865115307
255.5,6.3133380359299025,6.313249120306211,15.04911865115307
256.0,6.3130679302000905,6.220302375809935,15.04911865115307
256.5,6.3081616479023,6.220302375809935,15.04911865115307
257.0,6.3008573961450525,6.220302375809935,15.04911865115307
257.5,6.293015315561623,6.220302375809935,15.04911865115307
258.0,6.285481253987969,6.220302375809935,14.422072040688358
258.5,6.289899215745759,6.289771993041524,14.422072040688358
259.0,6.290978852156694,6.220302375809935,14.422072040688358
259.5,6.2957055868661485,6.220302375809935,14.422072040688358
260.0,6.300506290643684,6.220302375809935,14.422072040688358
260.5,6.3052485316792,6.220302375809935,14.422072040688358
261.0,6.309900415944196,6.220302375809935,14.422072040688358
261.5,6.314444321502395,6.220302375809935,14.422072040688358
262.0,6.318909542394244,6.318703900912778,15.550755939524837
262.5,6.324042421994815,6.323836983719297,15.550755939524837
263.0,6.329019865841535,6.220302375809935,14.422072040688358
263.5,6.333006324285886,6.332815156546867,14.422072040688358
264.0,6.337688169837879,6.220302375809935,14.422072040688358
264.5,6.341399349641592,6.220302375809935,14.422072040688358
265.0,6.3450115005855094,6.220302375809935,14.422072040688358
265.5,6.34855159485879,6.220302375809935,14.422072040688358
266.0,6.352020782507709,6.220302375809935,15.04911865115307
266.5,6.355423389971235,6.220302375809935,15.04911865115307
267.0,6.358808479033065,6.358631833819585,15.04911865115307
267.5,6.363285348062932,6.220302375809935,15.04911865115307
268.0,6.366723637572086,6.220302375809935,15.04911865115307
268.5,6.369995900596854,6.220302375809935,15.04911865115307
269.0,6.373134099084427,6.220302375809935,15.550755939524837
269.5,6.376155381474095,6.220302375809935,15.550755939524837
270.0,6.378795192352921,6.220302375809935,15.550755939524837
270.5,6.3814074667791845,6.38125185109665,15.550755939524837
271.0,6.385420304680274,6.220302375809935,15.550755939524837
271.5,6.388330702293426,6.220302375809935,15.550755939524837
272.0,6.391166779245592,6.220302375809935,15.550755939524837
272.5,6.3939342725617845,6.220302375809935,15.550755939524837
273.0,6.3966450954420155,6.220302375809935,15.550755939524837
273.5,6.399310812122324,6.220302375809935,15.550755939524837
274.0,6.4019356487506345,6.220302375809935,15.550755939524837
274.5,6.4044876217020885,6.40442676962098,15.550755939524837
275.0,6.404094329891178,6.220302375809935,15.550755939524837
275.5,6.3999316894036395,6.220302375809935,15.550755939524837
276.0,6.393213618844724,6.220302375809935,15.550755939524837
276.5,6.387835439148701,6.220302375809935,15.550755939524837
277.0,6.390693612109839,6.220302375809935,15.550755939524837
277.5,6.393248700963909,6.220302375809935,15.550755939524837
278.0,6.3954843312606675,6.220302375809935,15.550755939524837
278.5,6.3973590383820085,6.220302375809935,15.550755939524837
279.0,6.398941781868906,6.220302375809935,15.550755939524837
279.5,6.400295896062244,6.220302375809935,15.550755939524837
280.0,6.401455728830881,6.220302375809935,15.550755939524837
280.5,6.402473464227681,6.220302375809935,15.550755939524837
281.0,6.403378406693186,6.220302375809935,15.550755939524837
281.5,6.404201991897639,6.220302375809935,15.550755939524837
282.0,6.404974007925672,6.220302375809935,15.550755939524837
282.5,6.405720878487862,6.220302375809935,15.550755939524837
283.0,6.406460264780035,6.220302375809935,15.550755939524837
283.5,6.407219764908229,6.220302375809935,15.550755939524837
284.0,6.408004643088696,6.220302375809935,15.550755939524837
284.5,6.408831972783817,6.220302375809935,15.550755939524837
285.0,6.409709702993005,6.220302375809935,15.550755939524837
285.5,6.410633518557987,6.220302375809935,15.550755939524837
286.0,6.411616663093532,6.220302375809935,15.550755939524837
286.5,6.4126776150452525,6.220302375809935,15.550755939524837
287.0,6.413816717314976,6.220302375809935,15.550755939524837
287.5,6.415031459127423,6.220302375809935,15.550755939524837
288.0,6.416319469268199,6.220302375809935,15.550755939524837
288.5,6.417683830517871,6.220302375809935,15.550755939524837
289.0,6.41912390670719,6.220302375809935,15.550755939524837
289.5,6.420636255960655,6.220302375809935,15.550755939524837
290.0,6.42221808609475,6.220302375809935,15.550755939524837
290.5,6.423813880648627,6.423801204975287,15.550755939524837
291.0,6.421681689664378,6.220302375809935,15.550755939524837
291.5,6.414724002902198,6.220302375809935,15.550755939524837
292.0,6.404922585062909,6.220302375809935,15.550755939524837
292.5,6.3947955606584905,6.220302375809935,15.550755939524837
293.0,6.384770002365527,6.220302375809935,15.550755939524837
293.5,6.383021567885262,6.220302375809935,15.550755939524837
294.0,6.386073289431174,6.385988623188539,15.550755939524837
294.5,6.386281207549138,6.220302375809935,15.550755939524837
295.0,6.3827188762538904,6.220302375809935,15.04911865115307
295.5,6.376939972248733,6.3767547529436595,15.04911865115307
296.0,6.381632051535187,6.220302375809935,15.04911865115307
296.5,6.382604627825938,6.220302375809935,15.04911865115307
297.0,6.378988860004589,6.220302375809935,15.04911865115307
297.5,6.379047545162326,6.220302375809935,15.04911865115307
298.0,6.382511212914526,6.220302375809935,15.04911865115307
298.5,6.386080811983236,6.220302375809935,15.04911865115307
299.0,6.389644446024642,6.389546230007593,15.04911865115307
299.5,6.389999094895595,6.220302375809935,15.04911865115307
300.0,6.386217464484289,6.220302375809935,15.04911865115307
300.5,6.379467581660617,6.220302375809935,15.04911865115307
301.0,6.371131641226434,6.220302375809935,15.04911865115307
301.5,6.362444676025962,6.220302375809935,15.04911865115307
302.0,6.353630616537516,6.220302375809935,15.04911865115307
302.5,6.353001563652277,6.220302375809935,15.04911865115307
303.0,6.356993679764378,6.220302375809935,15.04911865115307
303.5,6.360939760358706,6.220302375809935,15.04911865115307
304.0,6.364800747219185,6.220302375809935,15.04911865115307
304.5,6.368554327504332,6.220302375809935,15.04911865115307
305.0,6.372186685784057,6.220302375809935,15.04911865115307
305.5,6.375678746413513,6.220302375809935,15.04911865115307
306.0,6.379030019779606,6.220302375809935,15.04911865115307
306.5,6.382256230327857,6.220302375809935,15.04911865115307
307.0,6.385387220847476,6.220302375809935,15.04911865115307
307.5,6.3884208046169535,6.220302375809935,15.04911865115307
308.0,6.391357948641542,6.220302375809935,15.04911865115307
308.5,6.394209729476237,6.220302375809935,15.04911865115307
309.0,6.396985111983179,6.220302375809935,15.04911865115307
309.5,6.39969756885586,6.220302375809935,15.04911865115307
310.0,6.4023463919789485,6.220302375809935,15.04911865115307
310.5,6.404948329978778,6.220302375809935,15.04911865115307
311.0,6.407454488102297,6.407405397730844,15.04911865115307
311.5,6.40629091189382,6.220302375809935,15.04911865115307
312.0,6.400512554553709,6.220302375809935,15.04911865115307
312.5,6.392576301261465,6.220302375809935,15.04911865115307
313.0,6.384228245191777,6.220302375809935,15.04911865115307
313.5,6.387015279020618,6.220302375809935,15.04911865115307
314.0,6.390017546054346,6.220302375809935,15.04911865115307
314.5,6.3931702535113315,6.220302375809935,15.04911865115307
315.0,6.396419016950628,6.220302375809935,15.04911865115307
315.5,6.39972531039178,6.220302375809935,15.04911865115307
316.0,6.403061128952781,6.220302375809935,15.04911865115307
316.5,6.4064052881472655,6.220302375809935,15.04911865115307
317.0,6.409744122153419,6.220302375809935,15.04911865115307
317.5,6.41306698248716,6.220302375809935,15.04911865115307
318.0,6.416368678487008,6.220302375809935,15.04911865115307
318.5,6.419642649517457,6.220302375809935,15.04911865115307
319.0,6.422880579267002,6.220302375809935,15.04911865115307
319.5,6.426081038371102,6.220302375809935,15.04911865115307
320.0,6.429243311087977,6.220302375809935,15.04911865115307
320.5,6.432366906313997,6.220302375809935,15.04911865115307
321.0,6.435451573174424,6.220302375809935,15.04911865115307
321.5,6.438497187190305,6.220302375809935,15.04911865115307
322.0,6.4415041028600415,6.220302375809935,15.04911865115307
322.5,6.444472252366516,6.220302375809935,15.04911865115307
323.0,6.4474021698177255,6.220302375809935,15.04911865115307
323.5,6.450294156281222,6.220302375809935,15.04911865115307
324.0,6.453148718454499,6.220302375809935,15.04911865115307
324.5,6.455966115870183,6.220302375809935,15.04911865115307
325.0,6.458747034448559,6.220302375809935,15.04911865115307
325.5,6.461491715722311,6.220302375809935,15.04911865115307
326.0,6.464200972095444,6.220302375809935,15.04911865115307
326.5,6.466875169040069,6.220302375809935,15.04911865115307
327.0,6.469514671291539,6.220302375809935,15.04911865115307
327.5,6.47212032294357,6.220302375809935,15.04911865115307
328.0,6.474692590558519,6.220302375809935,15.04911865115307
328.5,6.477231351271908,6.220302375809935,15.04911865115307
329.0,6.479738262672895,6.220302375809935,15.04911865115307
329.5,6.482213423695845,6.220302375809935,15.04911865115307
330.0,6.48465878641228,6.220302375809935,15.04911865115307
330.5,6.487074550477469,6.220302375809935,15.04911865115307
331.0,6.489458082896051,6.220302375809935,15.04911865115307
331.5,6.49180990131608,6.220302375809935,15.04911865115307
332.0,6.494131480615761,6.220302375809935,15.04911865115307
332.5,6.496421278113452,6.220302375809935,15.04911865115307
333.0,6.498681775926033,6.220302375809935,15.04911865115307
333.5,6.500911503404773,6.220302375809935,15.04911865115307
334.0,6.503110629482737,6.220302375809935,15.04911865115307
334.5,6.505280523616732,6.220302375809935,15.04911865115307
335.0,6.5074209828160825,6.220302375809935,15.04911865115307
335.5,6.509533018996996,6.220302375809935,15.04911865115307
336.0,6.511617517536127,6.220302375809935,15.04911865115307
336.5,6.5136734284572615,6.220302375809935,15.04911865115307
337.0,6.5157005042860705,6.220302375809935,15.04911865115307
337.5,6.517700479857327,6.220302375809935,15.04911865115307
338.0,6.519674315776309,6.220302375809935,15.04911865115307
338.5,6.52162126443869,6.220302375809935,15.04911865115307
339.0,6.523539639825459,6.220302375809935,15.04911865115307
339.5,6.525435596428489,6.220302375809935,15.04911865115307
340.0,6.527305711229823,6.220302375809935,15.04911865115307
340.5,6.5291505156906195,6.220302375809935,15.04911865115307
341.0,6.530969997170901,6.220302375809935,14.967602591792657
341.5,6.532763866623957,6.220302375809935,14.967602591792657
342.0,6.534534358503892,6.220302375809935,14.967602591792657
342.5,6.536282728440868,6.220302375809935,14.967602591792657
343.0,6.538010570132396,6.220302375809935,14.967602591792657
343.5,6.53971248519929,6.220302375809935,14.967602591792657
344.0,6.541392308565023,6.220302375809935,14.967602591792657
344.5,6.543050191884672,6.220302375809935,14.967602591792657
345.0,6.544687392155714,6.220302375809935,14.967602591792657
345.5,6.5463039786630866,6.220302375809935,14.967602591792657
346.0,6.5478998819660035,6.220302375809935,14.967602591792657
346.5,6.549475260211172,6.220302375809935,14.967602591792657
347.0,6.551030981467552,6.220302375809935,14.967602591792657
347.5,6.552566773599059,6.220302375809935,14.967602591792657
348.0,6.554082875486034,6.220302375809935,14.967602591792657
348.5,6.555579653362148,6.220302375809935,14.967602591792657
349.0,6.557058222737337,6.220302375809935,14.422072040688358
349.5,6.558618078337837,6.558459915136768,14.422072040688358
350.0,6.562437709991701,6.220302375809935,14.422072040688358
350.5,6.563836245423762,6.220302375809935,14.422072040688358
351.0,6.565217272539899,6.220302375809935,14.422072040688358
351.5,6.566572725364609,6.220302375809935,14.422072040688358
352.0,6.567897897749832,6.220302375809935,14.422072040688358
352.5,6.569188488675307,6.220302375809935,14.422072040688358
353.0,6.570437731864686,6.220302375809935,14.422072040688358
353.5,6.571660977856713,6.220302375809935,14.422072040688358
354.0,6.57285910238139,6.220302375809935,14.422072040688358
354.5,6.5740329344298365,6.220302375809935,14.422072040688358
355.0,6.575187437882836,6.220302375809935,14.422072040688358
355.5,6.57632168943926,6.220302375809935,14.422072040688358
356.0,6.577438542213444,6.220302375809935,14.422072040688358
356.5,6.578538730173063,6.220302375809935,14.422072040688358
357.0,6.579727382770029,6.579580615806337,14.422072040688358
357.5,6.583136718100727,6.220302375809935,14.422072040688358
358.0,6.58397679115834,6.220302375809935,14.422072040688358
358.5,6.584896719987607,6.220302375809935,14.422072040688358
359.0,6.585871440231756,6.220302375809935,14.422072040688358
359.5,6.586882375036396,6.220302375809935,14.422072040688358
360.0,6.5879156855029954,6.220302375809935,14.422072040688358
360.5,6.588960994228935,6.220302375809935,14.422072040688358
361.0,6.590011000946014,6.220302375809935,14.422072040688358
361.5,6.591059814904138,6.220302375809935,14.422072040688358
362.0,6.592103405260607,6.220302375809935,14.422072040688358
362.5,6.5931414824428805,6.220302375809935,14.422072040688358
363.0,6.594170367328812,6.220302375809935,14.422072040688358
363.5,6.595187227834905,6.220302375809935,14.422072040688358
364.0,6.596191755581077,6.220302375809935,14.422072040688358
364.5,6.597183834910129,6.220302375809935,14.422072040688358
365.0,6.598163474300661,6.220302375809935,14.422072040688358
365.5,6.599130677919891,6.220302375809935,14.422072040688358
366.0,6.600085513490306,6.220302375809935,14.422072040688358
366.5,6.601028116471749,6.220302375809935,14.422072040688358
367.0,6.601958508712436,6.220302375809935,14.422072040688358
367.5,6.602876854302048,6.220302375809935,14.422072040688358
368.0,6.603783430241449,6.220302375809935,14.422072040688358
368.5,6.604678194714481,6.220302375809935,14.422072040688358
369.0,6.605561416779055,6.220302375809935,14.422072040688358
369.5,6.6064331276829895,6.220302375809935,14.422072040688358
370.0,6.607293451246624,6.220302375809935,14.422072040688358
370.5,6.608142608005945,6.220302375809935,14.422072040688358
371.0,6.608980801334475,6.220302375809935,14.422072040688358
371.5,6.605034145239001,6.220302375809935,14.422072040688358
372.0,6.60591220174039,6.220302375809935,14.422072040688358
372.5,6.606778960562042,6.220302375809935,14.422072040688358
373.0,6.607634716823291,6.220302375809935,14.422072040688358
373.5,6.608479039271155,6.220302375809935,14.422072040688358
374.0,6.604501543272032,6.220302375809935,14.422072040688358
374.5,6.605386349280685,6.220302375809935,14.422072040688358
375.0,6.606259535867702,6.220302375809935,14.422072040688358
375.5,6.607120107213333,6.220302375809935,14.422072040688358
376.0,6.6079702638047415,6.220302375809935,14.422072040688358
376.5,6.608809840781186,6.220302375809935,14.422072040688358
377.0,6.604852604501168,6.220302375809935,14.422072040688358
377.5,6.6057333466837935,6.220302375809935,14.422072040688358
378.0,6.606602920056154,6.220302375809935,14.422072040688358
378.5,6.607461344067672,6.220302375809935,14.422072040688358
379.0,6.608308741268258,6.220302375809935,14.422072040688358
379.5,6.60818144884634,6.220302375809935,14.422072040688358
380.0,6.605209153395672,6.220302375809935,14.422072040688358
380.5,6.6060855138064865,6.220302375809935,14.422072040688358
381.0,6.606950680789448,6.220302375809935,14.422072040688358
381.5,6.607804715552455,6.220302375809935,14.422072040688358
382.0,6.608647914263304,6.220302375809935,14.422072040688358
382.5,6.602806095235686,6.071370337828276,14.422072040688358
383.0,6.546033222845511,6.071370337828276,14.422072040688358
383.5,6.494188540379069,6.071370337828276,14.422072040688358
384.0,6.457875652699222,6.071370337828276,14.422072040688358
384.5,6.459534980404861,6.071370337828276,14.422072040688358
385.0,6.451687095818566,6.071370337828276,14.422072040688358
385.5,6.453446087581653,6.071370337828276,14.422072040688358
386.0,6.455181616699418,6.071370337828276,14.422072040688358
386.5,6.456360244276192,5.831533477321814,14.422072040688358
387.0,6.4293714095193755,5.831533477321814,14.422072040688358
387.5,6.380542432364786,5.831533477321814,14.422072040688358
388.0,6.327838632908136,5.831533477321814,14.422072040688358
388.5,6.274515404164246,5.831533477321814,14.422072040688358
389.0,6.2222106059893205,5.831533477321814,14.422072040688358
389.5,6.192628185550138,5.831533477321814,14.422072040688358
390.0,6.1741267375224895,5.831533477321814,14.422072040688358
390.5,6.159405904474086,5.831533477321814,14.422072040688358
391.0,6.150097753814846,5.831533477321814,14.422072040688358
391.5,6.152781019001668,5.831533477321814,14.422072040688358
392.0,6.15496460238497,5.831533477321814,14.422072040688358
392.5,6.156179523710323,5.831533477321814,14.422072040688358
393.0,6.156080765833672,5.831533477321814,14.422072040688358
393.5,6.155084691047584,5.831533477321814,14.422072040688358
394.0,6.1536947931624555,5.831533477321814,14.422072040688358
394.5,6.151046045631741,5.831533477321814,14.422072040688358
395.0,6.143319660320265,5.831533477321814,14.422072040688358
395.5,6.132036689753303,5.831533477321814,14.422072040688358
396.0,6.11867260137739,6.071370337828276,14.422072040688358
396.5,6.104821872299722,6.071370337828276,14.422072040688358
397.0,6.091114892859495,6.071370337828276,14.422072040688358
397.5,6.077594614929522,6.071370337828276,14.422072040688358
398.0,6.064296280474367,6.071370337828276,14.422072040688358
398.5,6.062684661915792,6.062726289697916,14.422072040688358
399.0,6.05879731848142,6.071370337828276,14.422072040688358
399.5,6.059324379512327,6.071370337828276,14.422072040688358
400.0,6.0609487773820305,6.071370337828276,14.422072040688358
400.5,6.062677609694703,6.071370337828276,14.422072040688358
401.0,6.064475436082699,6.071370337828276,14.422072040688358
401.5,6.066371692285931,6.071370337828276,14.422072040688358
402.0,6.068306009825971,6.071370337828276,14.422072040688358
402.5,6.065875308860096,6.071370337828276,14.422072040688358
403.0,6.059570474579554,6.071370337828276,14.422072040688358
403.5,6.0582913501915545,6.071370337828276,14.422072040688358
404.0,6.060934734900457,6.071370337828276,14.422072040688358
404.5,6.063906083243635,6.071370337828276,14.422072040688358
405.0,6.06715671420718,6.071370337828276,14.384449244060475
405.5,6.071090529172103,6.071370337828276,14.384449244060475
406.0,6.075219080670778,6.071370337828276,14.422072040688358
406.5,6.079252692304793,5.999923547087959,14.422072040688358
407.0,6.078908884520078,5.999923547087959,6.090712742980561
407.5,6.080606861786635,5.6351103263858136,6.090712742980561
408.0,6.033092523641066,5.6351103263858136,6.025917926565874
408.5,6.034981937906487,5.6351103263858136,6.025917926565874
409.0,6.036546546824624,5.6351103263858136,6.025917926565874
409.5,6.030558732017489,5.6351103263858136,6.025917926565874
410.0,6.0324529867987335,5.6351103263858136,6.025917926565874
410.5,6.023376083826505,5.505242836223054,6.025917926565874
411.0,5.972932753588426,5.505242836223054,5.961123110151188
411.5,5.922259833937162,5.505242836223054,5.961123110151188
412.0,5.896817404308459,5.505242836223054,5.896328293736501
412.5,5.899955104086539,5.505242836223054,5.896328293736501
413.0,5.893263996254178,5.505242836223054,5.896328293736501
413.5,5.896568844936823,5.505242836223054,5.896328293736501
414.0,5.899553453675683,5.505242836223054,5.896328293736501
414.5,5.893851568950458,5.505242836223054,5.896328293736501
415.0,5.884420521132869,5.505242836223054,5.896328293736501
415.5,5.871127506100731,2.824217823829948,5.896328293736501
416.0,5.815959493130292,2.824217823829948,5.831533477321814
416.5,5.7603007032285385,2.824217823829948,5.831533477321814
417.0,5.705678824506404,2.824217823829948,5.831533477321814
417.5,5.651891014440228,2.824217823829948,5.831533477321814
418.0,5.598798634319827,2.824217823829948,5.831533477321814
418.5,5.546305981841075,2.824217823829948,5.831533477321814
419.0,5.494293325666694,2.824217823829948,5.831533477321814
419.5,5.442416391256245,2.824217823829948,5.831533477321814
420.0,5.390653334847445,2.824217823829948,5.831533477321814
420.5,5.339049483356912,2.824217823829948,5.831533477321814
421.0,5.287709014885254,2.824217823829948,5.831533477321814
421.5,5.237348324564435,2.824217823829948,5.831533477321814
422.0,5.187852448756218,2.824217823829948,6.220302375809935
422.5,5.139005797113916,2.5532043606976345,6.220302375809935
423.0,5.0906325380815725,2.5532043606976345,14.967602591792657
423.5,5.0425770032818855,2.5532043606976345,14.967602591792657
424.0,4.994773399549122,2.5532043606976345,14.967602591792657
424.5,4.947175401890648,2.5532043606976345,14.967602591792657
425.0,4.89967403777519,2.5532043606976345,14.967602591792657
425.5,4.8521291011798455,2.5532043606976345,14.967602591792657
426.0,4.804438817251012,2.5532043606976345,14.967602591792657
426.5,4.7565255052815765,2.5532043606976345,14.967602591792657
427.0,4.708335826940989,2.5532043606976345,14.967602591792657
427.5,4.659858559123399,2.5532043606976345,14.967602591792657
428.0,4.611457586375975,2.5532043606976345,13.795025430223646
428.5,4.562894281674039,1.2150590624992488,13.795025430223646
429.0,4.514782220112264,1.2150590624992488,13.795025430223646
429.5,4.467843044040331,1.2150590624992488,13.795025430223646
430.0,4.421974609239805,1.2150590624992488,13.795025430223646
430.5,4.377058608406336,1.2150590624992488,13.795025430223646
431.0,4.332988838214333,1.2150590624992488,13.795025430223646
431.5,4.289718465332504,1.2150590624992488,13.795025430223646
432.0,4.246284459885593,1.2150590624992488,13.795025430223646
432.5,4.202802558500368,1.2150590624992488,13.795025430223646
433.0,4.159324557269569,1.2150590624992488,13.795025430223646
433.5,4.115888521876632,1.2150590624992488,13.795025430223646
434.0,4.072535705748712,1.2150590624992488,14.422072040688358
434.5,4.029311940498899,1.2150590624992488,14.422072040688358
435.0,3.9863633240350795,1.2150590624992488,14.422072040688358
435.5,3.9435141388969828,1.2150590624992488,14.422072040688358
436.0,3.901042865769488,1.2150590624992488,14.422072040688358
436.5,3.8598648474885233,1.2150590624992488,14.422072040688358
437.0,3.8200534267876427,1.2150590624992488,14.422072040688358
437.5,3.781518505149844,1.2150590624992488,14.422072040688358
438.0,3.7441727883338407,1.2150590624992488,14.422072040688358
438.5,3.7080667043358018,1.2150590624992488,14.422072040688358
439.0,3.6731165936160406,1.2150590624992488,14.422072040688358
439.5,3.639258735977523,1.2150590624992488,14.422072040688358
440.0,3.606351500902107,1.2150590624992488,14.422072040688358
440.5,3.574261918837103,1.2150590624992488,14.422072040688358
441.0,3.542867163595771,1.2150590624992488,14.422072040688358
441.5,3.5120609360045836,1.2150590624992488,14.422072040688358
442.0,3.4818937524164664,1.2150590624992488,14.422072040688358
442.5,3.4518554347501507,1.2150590624992488,14.422072040688358
443.0,3.4219616234599064,1.2150590624992488,14.422072040688358
443.5,3.392183915107864,1.2150590624992488,14.422072040688358
444.0,3.3624907697521076,1.2150590624992488,13.795025430223646
444.5,3.332853077630604,1.2150590624992488,13.795025430223646
445.0,3.3036305709333105,1.2150590624992488,13.795025430223646
445.5,3.274981246848078,1.2150590624992488,13.795025430223646
446.0,3.246799262255907,1.2150590624992488,13.795025430223646
446.5,3.2189600417875197,1.2150590624992488,13.795025430223646
447.0,3.1913743250940096,1.2150590624992488,14.422072040688358
447.5,3.1639691833347934,1.2150590624992488,14.422072040688358
448.0,3.136686371207796,1.2150590624992488,14.422072040688358
448.5,3.1094763192026824,1.2150590624992488,14.422072040688358
449.0,3.0817370739272363,1.2150590624992488,14.422072040688358
449.5,3.0542331271538954,1.2150590624992488,14.422072040688358
450.0,3.026878995838177,1.2150590624992488,14.422072040688358
450.5,2.9996114082921217,1.2150590624992488,14.422072040688358
451.0,2.972389224656823,1.2150590624992488,14.422072040688358
451.5,2.9451206653712747,1.2150590624992488,14.422072040688358
452.0,2.9177410555901395,1.2150590624992488,14.422072040688358
452.5,2.8901904722142895,1.2150590624992488,14.422072040688358
453.0,2.8624794466773,1.2150590624992488,14.422072040688358
453.5,2.8346635489907372,1.2150590624992488,14.422072040688358
454.0,2.80668296483955,1.2150590624992488,2.508186441858845
454.5,2.778486410761259,1.2150590624992488,2.508186441858845
455.0,2.750033844334601,1.2150590624992488,5.831533477321814
455.5,2.7213203548917035,1.2150590624992488,5.831533477321814
456.0,2.6939039983121615,1.2150590624992488,5.831533477321814
456.5,2.6664908680018957,1.2150590624992488,5.831533477321814
457.0,2.6389042369511917,1.2150590624992488,5.831533477321814
457.5,2.611059695762194,1.2150590624992488,5.831533477321814
458.0,2.5830149630358763,1.2150590624992488,5.831533477321814
458.5,2.5548200353765433,1.2150590624992488,5.831533477321814
459.0,2.5263106833081452,1.2150590624992488,5.831533477321814
459.5,2.4980046283731667,1.2150590624992488,5.831533477321814
460.0,2.4697599312997225,1.2150590624992488,5.831533477321814
460.5,2.4415731677899366,1.2150590624992488,5.831533477321814
461.0,2.413259222555962,1.2150590624992488,5.831533477321814
461.5,2.3853570112239364,1.2150590624992488,5.831533477321814
462.0,2.357639731713756,1.2150590624992488,5.831533477321814
462.5,2.330107510708456,1.2150590624992488,5.831533477321814
463.0,2.302561090990984,1.2150590624992488,5.831533477321814
463.5,2.2755146580349073,1.2150590624992488,5.831533477321814
464.0,2.248791631719775,1.2150590624992488,5.831533477321814
464.5,2.222426487029179,1.2150590624992488,5.831533477321814
465.0,2.1962217218137488,1.2150590624992488,5.831533477321814
465.5,2.170643967946894,1.2150590624992488,5.831533477321814
466.0,2.145444592192629,1.2150590624992488,5.831533477321814
466.5,2.120608628714483,1.2150590624992488,5.831533477321814
467.0,2.0959462393926716,1.2150590624992488,5.831533477321814
467.5,2.0718445955019797,1.2150590624992488,5.831533477321814
468.0,2.048081442464298,1.2150590624992488,5.831533477321814
468.5,2.0246253715362412,1.2150590624992488,5.831533477321814
469.0,2.0013135853885435,1.2150590624992488,5.831533477321814
469.5,1.9784057175358087,1.2150590624992488,5.831533477321814
470.0,1.9557573518199967,1.2150590624992488,6.220302375809935
470.5,1.9333341683206728,1.2150590624992488,6.220302375809935
471.0,1.9110551854616336,1.2150590624992488,15.550755939524837
471.5,1.8890777657250895,1.2150590624992488,15.550755939524837
472.0,1.8676965309682434,1.2150590624992488,15.550755939524837
472.5,1.846804751004988,1.2150590624992488,15.550755939524837
473.0,1.8259867147342157,1.2150590624992488,15.550755939524837
473.5,1.8053611820276358,1.2150590624992488,15.550755939524837
474.0,1.785406356805173,1.2150590624992488,15.550755939524837
474.5,1.7662387304660134,1.2150590624992488,15.550755939524837
475.0,1.747799075688853,1.2150590624992488,15.550755939524837
475.5,1.7305093204519106,1.2150590624992488,15.550755939524837
476.0,1.7138194049901347,1.2150590624992488,15.550755939524837
476.5,1.6977093912084904,1.2150590624992488,15.550755939524837
477.0,1.6821227736819384,1.2150590624992488,15.550755939524837
477.5,1.6669817612655935,1.2150590624992488,15.550755939524837
478.0,1.6522260696066586,1.2150590624992488,15.550755939524837
478.5,1.6377958243194137,1.2150590624992488,15.550755939524837
479.0,1.6208920215447682,1.2150590624992488,15.550755939524837
479.5,1.6100272962983446,1.2150590624992488,15.550755939524837
480.0,1.6029348150354479,1.2150590624992488,15.550755939524837
480.5,1.5957883680481064,1.2150590624992488,15.550755939524837
481.0,1.5885550551948868,1.2150590624992488,15.550755939524837
481.5,1.5811935939463975,1.2150590624992488,15.550755939524837
482.0,1.573716201006016,1.2150590624992488,15.550755939524837
482.5,1.566078489846052,1.2150590624992488,15.550755939524837
483.0,1.5582623376541136,1.2150590624992488,15.550755939524837
483.5,1.5503169798170253,1.2150590624992488,15.550755939524837
484.0,1.54246449103897,1.2150590624992488,15.550755939524837
484.5,1.5346943235556822,1.2150590624992488,15.550755939524837
485.0,1.5269682617560214,1.2150590624992488,15.04911865115307
485.5,1.519171899744545,1.2150590624992488,15.04911865115307
486.0,1.5112701919488265,1.2150590624992488,15.04911865115307
486.5,1.5036417037213543,1.2150590624992488,15.04911865115307
487.0,1.4964193655532598,1.2150590624992488,15.04911865115307
487.5,1.489221592250805,1.2150590624992488,15.04911865115307
488.0,1.482066172342658,1.2150590624992488,15.04911865115307
488.5,1.474974460449656,1.2150590624992488,15.04911865115307
489.0,1.4679983082596615,1.2150590624992488,15.04911865115307
489.5,1.4637740051425625,1.2150590624992488,15.04911865115307
490.0,1.4601151742353886,1.2150590624992488,15.04911865115307
490.5,1.456683345433801,1.2150590624992488,15.04911865115307
491.0,1.4535080442845751,1.2150590624992488,15.04911865115307
491.5,1.4506169442664387,1.2150590624992488,15.04911865115307
492.0,1.448028009610312,1.2150590624992488,15.04911865115307
492.5,1.44570182567947,1.2150590624992488,15.04911865115307
493.0,1.4422329389353046,1.2150590624992488,15.04911865115307
493.5,1.435926339981976,1.2150590624992488,15.04911865115307
494.0,1.4290998802087025,1.2150590624992488,15.04911865115307
494.5,1.4226115164060005,1.2150590624992488,15.04911865115307
495.0,1.4163607117051848,1.2150590624992488,15.04911865115307
495.5,1.4102809545358017,1.2150590624992488,15.04911865115307
496.0,1.4043186005197228,1.2150590624992488,15.04911865115307
496.5,1.3984991237878672,1.2150590624992488,15.04911865115307
497.0,1.3928734702140197,1.2150590624992488,15.04911865115307
497.5,1.3873905090966059,1.2150590624992488,15.04911865115307
498.0,1.381973261674129,1.2150590624992488,15.550755939524837
498.5,1.376614359330054,1.2150590624992488,15.550755939524837
499.0,1.3711811596911005,1.2150590624992488,15.04911865115307
499.5,1.3662358458272958,1.2150590624992488,15.04911865115307
500.0,1.3625378172356277,1.2150590624992488,15.04911865115307
500.5,1.3582890683761322,1.2150590624992488,15.04911865115307
501.0,1.3541192946001739,1.2150590624992488,15.04911865115307
501.5,1.3500488781577453,1.2150590624992488,15.04911865115307
502.0,1.3460886073116938,1.2150590624992488,15.04911865115307
502.5,1.3422464090962065,1.2150590624992488,15.04911865115307
503.0,1.338560335606995,1.2150590624992488,15.04911865115307
503.5,1.3376559133798278,1.2150590624992488,15.04911865115307
504.0,1.3373412900951334,1.2150590624992488,15.04911865115307
504.5,1.337191853203688,1.2150590624992488,15.04911865115307
505.0,1.3372110095028034,1.2150590624992488,15.04911865115307
505.5,1.3374072022404973,1.2150590624992488,15.04911865115307
506.0,1.3377786243244518,1.2150590624992488,15.04911865115307
506.5,1.3381350930608855,1.2150590624992488,15.04911865115307
507.0,1.3379848665131182,1.2150590624992488,15.04911865115307
507.5,1.3350936463810246,1.2150590624992488,15.04911865115307
508.0,1.3319995982938015,1.2150590624992488,15.04911865115307
508.5,1.329311820412516,1.2150590624992488,15.04911865115307
509.0,1.3269284264871066,1.2150590624992488,15.04911865115307
509.5,1.32476429775434,1.2150590624992488,15.04911865115307
510.0,1.3227543845644678,1.2150590624992488,15.04911865115307
510.5,1.3208437244799862,1.2150590624992488,15.04911865115307
511.0,1.318991220369491,1.2150590624992488,15.04911865115307
511.5,1.3171624189051228,1.2150590624992488,15.04911865115307
512.0,1.3153306964375024,1.2150590624992488,15.04911865115307
512.5,1.3134740067549147,1.2150590624992488,15.04911865115307
513.0,1.3115975961575406,1.2150590624992488,15.04911865115307
513.5,1.3097574159251524,1.2150590624992488,15.04911865115307
514.0,1.3079457880394656,1.2150590624992488,15.04911865115307
514.5,1.3061481558728867,1.2150590624992488,15.04911865115307
515.0,1.304315451962019,1.2150590624992488,15.04911865115307
515.5,1.3021999137296916,1.2150590624992488,15.04911865115307
516.0,1.3000523651487867,1.2150590624992488,15.04911865115307
516.5,1.2978465816146008,1.2150590624992488,15.04911865115307
517.0,1.295561547565637,1.2150590624992488,15.04911865115307
517.5,1.2930873061306611,1.2150590624992488,15.04911865115307
518.0,1.290566881163589,1.2150590624992488,15.04911865115307
518.5,1.2879955488721058,1.2150590624992488,15.04911865115307
519.0,1.2853644607754666,1.2150590624992488,15.04911865115307
519.5,1.2826726213119204,1.2150590624992488,15.04911865115307
520.0,1.2799816784336848,1.2150590624992488,15.04911865115307
520.5,1.2773370699751396,1.2150590624992488,15.04911865115307
521.0,1.2747748064192443,1.2150590624992488,15.550755939524837
